country,ip
United Kingdom,141.98.252.163
Poland,193.169.254.91
France,51.77.135.89
Spain,195.206.107.147
France,51.83.69.84
China,117.158.78.5
Romania,185.247.224.42
France,51.254.143.96
Romania,185.247.224.11
United States,51.81.238.116
Romania,185.247.224.21
Romania,185.247.224.22
Romania,185.247.224.63
Hong Kong,221.124.111.111
Ukraine,193.218.118.130
United States,67.198.205.176
Sweden,45.15.16.115
United States,198.251.89.136
United States,157.230.2.208
China,203.195.131.162
France,51.68.91.191
Vietnam,115.79.196.85
Singapore,188.166.223.100
Russia,94.25.228.208
Indonesia,101.255.65.138
Colombia,186.170.28.46
Panama,45.227.255.4
United Kingdom,193.228.91.123
United Kingdom,193.228.91.11
United Kingdom,193.228.91.109
China,42.194.203.226
United Kingdom,193.228.91.108
China,42.194.163.213
China,42.194.211.37
United States,155.235.2.252
United Kingdom,193.228.91.110
China,42.194.135.233
Germany,185.220.102.244
Netherlands,77.247.181.165
Netherlands,192.42.116.23
United States,104.244.75.53
Germany,185.220.101.15
Germany,185.220.102.254
United States,205.185.125.216
Germany,185.220.101.205
France,51.75.64.187
France,45.154.168.201
United States,23.129.64.205
United States,23.129.64.186
Germany,185.170.114.25
United States,23.129.64.208
Netherlands,51.15.43.205
Germany,185.220.102.247
Sweden,62.102.148.68
Netherlands,77.247.181.162
Germany,185.220.101.8
Switzerland,195.206.105.217
Sweden,171.25.193.20
Germany,185.220.101.16
United States,23.160.208.248
Germany,185.220.102.245
United States,209.141.40.46
United States,107.189.11.163
Germany,185.220.102.251
Ukraine,178.165.72.177
United States,162.247.72.199
United States,162.247.74.200
United States,162.247.74.206
France,51.75.52.118
Netherlands,192.42.116.19
Germany,185.220.101.207
Netherlands,192.42.116.16
France,212.83.166.62
Sweden,171.25.193.25
United States,162.247.74.213
United States,162.247.74.201
France,212.47.229.4
Netherlands,94.102.51.78
United States,23.129.64.192
Germany,185.220.101.211
United States,162.247.74.74
United States,23.129.64.216
France,178.20.55.16
United States,18.27.197.252
Sweden,193.239.232.101
Germany,185.220.101.195
France,145.239.92.26
France,217.182.192.217
Denmark,185.38.175.71
Germany,185.220.102.252
Luxembourg,85.93.218.204
Canada,198.96.155.3
United States,162.247.74.202
Romania,91.250.242.12
France,79.137.79.167
Germany,185.220.102.253
Romania,188.213.49.176
United States,162.247.74.217
France,145.239.82.87
Netherlands,192.42.116.17
Germany,185.220.102.4
Romania,185.100.87.41
Poland,51.83.129.84
United States,23.129.64.197
United States,209.141.54.153
France,51.83.139.55
Netherlands,192.42.116.26
Germany,51.75.144.43
Luxembourg,104.244.79.241
Germany,185.220.102.246
Germany,185.220.102.242
Norway,217.170.205.14
Germany,185.220.101.206
India,144.168.164.26
Germany,185.220.101.203
France,95.128.43.164
Netherlands,192.42.116.14
Germany,185.220.101.200
Norway,217.170.206.146
United States,104.244.75.153
Denmark,185.129.62.62
Germany,185.220.101.216
Germany,185.220.102.243
Germany,185.220.102.6
Netherlands,192.42.116.22
France,51.68.139.151
Germany,185.220.102.240
United States,207.244.70.35
United States,23.129.64.188
United States,23.129.64.182
United States,209.95.51.11
Denmark,185.38.175.72
Germany,185.220.103.6
United States,104.244.75.157
Germany,185.220.102.248
United States,64.113.32.29
United States,23.129.64.209
Canada,158.69.35.227
United States,23.129.64.196
France,54.38.81.231
Ukraine,193.218.118.140
Romania,185.100.87.206
United States,162.247.74.204
Sweden,46.59.65.88
Germany,185.220.103.7
United States,209.141.41.103
United States,23.129.64.215
United States,23.129.64.210
Sweden,171.25.193.77
Germany,185.220.102.250
United States,23.129.64.217
